#code,name,backendName,description ,productDetails
asahi_super_dry                                        , asahi super dry                                     , asahi super dry                                     , asahi super dry                                        , asahi super dry                                        
asahi_super_dry_black                                  , asahi super dry black                               , asahi super dry black                               , asahi super dry black                                  , asahi super dry black                                  
asahi_soukai                                           , asahi soukai                                        , asahi soukai                                        , asahi soukai                                           , asahi soukai                                           
peroni                                                 , peroni                                              , peroni                                              , peroni                                                 , peroni                                                 
peroni_legerra                                         , peroni legerra                                      , peroni legerra                                      , peroni legerra                                         , peroni legerra                                         
estrella_damn                                          , estrella damn                                       , estrella damn                                       , estrella damn                                          , estrella damn                                          
kingfisher-lager                                       , kingfisher-lager                                    , kingfisher-lager                                    , kingfisher-lager                                       , kingfisher-lager                                       
asahi_super_dry_19L_keg                                , asahi super dry 19L keg                             , asahi super dry 19L keg                             , asahi super dry 19L keg                                , asahi super dry 19L keg                                
asahi_super_dry_black_19L_keg                          , asahi super dry black 19L keg                       , asahi super dry black 19L keg                       , asahi super dry black 19L keg                          , asahi super dry black 19L keg                          
asahi_soukai_25L_keg                                   , asahi soukai 25L keg                                , asahi soukai 25L keg                                , asahi soukai 25L keg                                   , asahi soukai 25L keg                                   
peroni_49.5L_keg                                       , peroni 49.5L keg                                    , peroni 49.5L keg                                    , peroni 49.5L keg                                       , peroni 49.5L keg                                       
peroni_legerra_49.5L_keg                               , peroni legerra 49.5L keg                            , peroni legerra 49.5L keg                            , peroni legerra 49.5L keg                               , peroni legerra 49.5L keg                               
estrella_damn_30L_keg                                  , estrella damn 30L keg                               , estrella damn 30L keg                               , estrella damn 30L keg                                  , estrella damn 30L keg                                  
kingfisher_lager_25L_keg                               , kingfisher lager 25L keg                            , kingfisher lager 25L keg                            , kingfisher lager 25L keg                               , kingfisher lager 25L keg                               
mountaingoat_steam_ale                                 , mountaingoat steam ale                              , mountaingoat steam ale                              , mountaingoat steam ale                                 , mountaingoat steam ale                                 
mountaingoat_summer_ale                                , mountaingoat summer ale                             , mountaingoat summer ale                             , mountaingoat summer ale                                , mountaingoat summer ale                                
cricketersarms_spearhead_pale_ale                      , cricketersarms spearhead pale ale                   , cricketersarms spearhead pale ale                   , cricketersarms spearhead pale ale                      , cricketersarms spearhead pale ale                      
cricketersarms_scorcher_summer_ale                     , cricketersarms scorcher summer ale                  , cricketersarms scorcher summer ale                  , cricketersarms scorcher summer ale                     , cricketersarms scorcher summer ale                     
cricketersarms_keepers_lager                           , cricketersarms keepers lager                        , cricketersarms keepers lager                        , cricketersarms keepers lager                           , cricketersarms keepers lager                           
mountaingoat_steam_ale_49.5_keg                        , mountaingoat steam ale 49.5 keg                     , mountaingoat steam ale 49.5 keg                     , mountaingoat steam ale 49.5 keg                        , mountaingoat steam ale 49.5 keg                        
mountaingoat_summer_ale_49.5_keg                       , mountaingoat summer ale 49.5 keg                    , mountaingoat summer ale 49.5 keg                    , mountaingoat summer ale 49.5 keg                       , mountaingoat summer ale 49.5 keg                       
cricketersarms_spearhead_pale_ale_49.5_keg             , cricketersarms spearhead pale ale 49.5 keg          , cricketersarms spearhead pale ale 49.5 keg          , cricketersarms spearhead pale ale 49.5 keg             , cricketersarms spearhead pale ale 49.5 keg             
cricketersarms_scorcher_summer_ale_49.5_keg            , cricketersarms scorcher summer ale 49.5 keg         , cricketersarms scorcher summer ale 49.5 keg         , cricketersarms scorcher summer ale 49.5 keg            , cricketersarms scorcher summer ale 49.5 keg            
cricketersarms_keepers_lager_49.5_keg                  , cricketersarms keepers lager 49.5 keg               , cricketersarms keepers lager 49.5 keg               , cricketersarms keepers lager 49.5 keg                  , cricketersarms keepers lager 49.5 keg                  
somersby_appler_cider                                  , somersby appler cider                               , somersby appler cider                               , somersby appler cider                                  , somersby appler cider                                  
somersby_apple_cider_49.5_keg                          , somersby apple cider 49.5 keg                       , somersby apple cider 49.5 keg                       , somersby apple cider 49.5 keg                          , somersby apple cider 49.5 keg                          
beer_asahi_super_dry                                   , beer asahi super dry                                , beer asahi super dry                                , beer asahi super dry                                   , beer asahi super dry                                   
beer_asahi_super_dry_black                             , beer asahi super dry black                          , beer asahi super dry black                          , beer asahi super dry black                             , beer asahi super dry black                             
beer_asahi_soukai                                      , beer asahi soukai                                   , beer asahi soukai                                   , beer asahi soukai                                      , beer asahi soukai                                      
beer_peroni                                            , beer peroni                                         , beer peroni                                         , beer peroni                                            , beer peroni                                            
beer_peroni_legerra                                    , beer peroni legerra                                 , beer peroni legerra                                 , beer peroni legerra                                    , beer peroni legerra                                    
beer_estrella_damn                                     , beer estrella damn                                  , beer estrella damn                                  , beer estrella damn                                     , beer estrella damn                                     
estrella_inedit                                        , estrella inedit                                     , estrella inedit                                     , estrella inedit                                        , estrella inedit                                        
estrella_daurra_damn                                   , estrella daurra damn                                , estrella daurra damn                                , estrella daurra damn                                   , estrella daurra damn                                   
kingfisher_premium_lager                               , kingfisher premium lager                            , kingfisher premium lager                            , kingfisher premium lager                               , kingfisher premium lager                               
nz_pure_lager                                          , nz pure lager                                       , nz pure lager                                       , nz pure lager                                          , nz pure lager                                          
nz_pure_summer                                         , nz pure summer                                      , nz pure summer                                      , nz pure summer                                         , nz pure summer                                         
asahi_superdry_330ml_bottles                           , asahi superdry 330ml bottles                        , asahi superdry 330ml bottles                        , asahi superdry 330ml bottles                           , asahi superdry 330ml bottles                           
asahi_superdry_500ml_cans                              , asahi superdry 500ml cans                           , asahi superdry 500ml cans                           , asahi superdry 500ml cans                              , asahi superdry 500ml cans                              
asahi_superdry_black_334ml_bottles                     , asahi superdry black 334ml bottles                  , asahi superdry black 334ml bottles                  , asahi superdry black 334ml bottles                     , asahi superdry black 334ml bottles                     
asahi_soukai_330ml_bottles                             , asahi soukai 330ml bottles                          , asahi soukai 330ml bottles                          , asahi soukai 330ml bottles                             , asahi soukai 330ml bottles                             
peroni_330ml_bottles                                   , peroni 330ml bottles                                , peroni 330ml bottles                                , peroni 330ml bottles                                   , peroni 330ml bottles                                   
peroni_legerra_330ml_bottles                           , peroni legerra 330ml bottles                        , peroni legerra 330ml bottles                        , peroni legerra 330ml bottles                           , peroni legerra 330ml bottles                           
estrella_damn_330ml_bottles                            , estrella damn 330ml bottles                         , estrella damn 330ml bottles                         , estrella damn 330ml bottles                            , estrella damn 330ml bottles                            
estrella_inedit_750ml_bottles                          , estrella inedit 750ml bottles                       , estrella inedit 750ml bottles                       , estrella inedit 750ml bottles                          , estrella inedit 750ml bottles                          
estrella_daurra_damn_330ml_bottles                     , estrella daurra damn 330ml bottles                  , estrella daurra damn 330ml bottles                  , estrella daurra damn 330ml bottles                     , estrella daurra damn 330ml bottles                     
kingfisher_lager_330ml_bottles                         , kingfisher lager 330ml bottles                      , kingfisher lager 330ml bottles                      , kingfisher lager 330ml bottles                         , kingfisher lager 330ml bottles                         
nz_pure_lager_330ml_bottles                            , nz pure lager 330ml bottles                         , nz pure lager 330ml bottles                         , nz pure lager 330ml bottles                            , nz pure lager 330ml bottles                            
nz_pure_summer_330ml_bottles                           , nz pure summer 330ml bottles                        , nz pure summer 330ml bottles                        , nz pure summer 330ml bottles                           , nz pure summer 330ml bottles                           
beer_mountaingoat_steam_ale                            , beer mountaingoat steam ale                         , beer mountaingoat steam ale                         , beer mountaingoat steam ale                            , beer mountaingoat steam ale                            
beer_mountaingoat_pale_ale                             , beer mountaingoat pale ale                          , beer mountaingoat pale ale                          , beer mountaingoat pale ale                             , beer mountaingoat pale ale                             
mountaingoat_hightail_ale                              , mountaingoat hightail ale                           , mountaingoat hightail ale                           , mountaingoat hightail ale                              , mountaingoat hightail ale                              
moutaingoat_fancy_pants                                , moutaingoat fancy pants                             , moutaingoat fancy pants                             , moutaingoat fancy pants                                , moutaingoat fancy pants                                
cricketersarm_spreadhead_pale_ale                      , cricketersarm spreadhead pale ale                   , cricketersarm spreadhead pale ale                   , cricketersarm spreadhead pale ale                      , cricketersarm spreadhead pale ale                      
cricketersarms_scrocher_summer_ale                     , cricketersarms scrocher summer ale                  , cricketersarms scrocher summer ale                  , cricketersarms scrocher summer ale                     , cricketersarms scrocher summer ale                     
cricketersarms_keepers_lager                           , cricketersarms keepers lager                        , cricketersarms keepers lager                        , cricketersarms keepers lager                           , cricketersarms keepers lager                           
cricketersarms_session_ale                             , cricketersarms session ale                          , cricketersarms session ale                          , cricketersarms session ale                             , cricketersarms session ale                             
moutaingoat_steam_ale_330ml_bottles                    , moutaingoat steam ale 330ml bottles                 , moutaingoat steam ale 330ml bottles                 , moutaingoat steam ale 330ml bottles                    , moutaingoat steam ale 330ml bottles                    
moutaingoat_summer_ale_375ml_cans                      , moutaingoat summer ale 375ml cans                   , moutaingoat summer ale 375ml cans                   , moutaingoat summer ale 375ml cans                      , moutaingoat summer ale 375ml cans                      
moutaingoat_pale_ale_330ml_bottles                     , moutaingoat pale ale 330ml bottles                  , moutaingoat pale ale 330ml bottles                  , moutaingoat pale ale 330ml bottles                     , moutaingoat pale ale 330ml bottles                     
moutaingoat_hightail_ale_330ml_bottles                 , moutaingoat hightail ale 330ml bottles              , moutaingoat hightail ale 330ml bottles              , moutaingoat hightail ale 330ml bottles                 , moutaingoat hightail ale 330ml bottles                 
moutaingoat_fancy_pants_375_cans                       , moutaingoat fancy pants 375 cans                    , moutaingoat fancy pants 375 cans                    , moutaingoat fancy pants 375 cans                       , moutaingoat fancy pants 375 cans                       
cricketersarm_spreadhead_pale_ale_330ml_bottles        , cricketersarm spreadhead pale ale 330ml bottles     , cricketersarm spreadhead pale ale 330ml bottles     , cricketersarm spreadhead pale ale 330ml bottles        , cricketersarm spreadhead pale ale 330ml bottles        
cricketersarm_spreadhead_pale_ale_375ml_cans           , cricketersarm spreadhead pale ale 375ml cans        , cricketersarm spreadhead pale ale 375ml cans        , cricketersarm spreadhead pale ale 375ml cans           , cricketersarm spreadhead pale ale 375ml cans           
cricketersarms_scrocher_summer_ale_330ml_bottles       , cricketersarms scrocher summer ale 330ml bottles    , cricketersarms scrocher summer ale 330ml bottles    , cricketersarms scrocher summer ale 330ml bottles       , cricketersarms scrocher summer ale 330ml bottles       
cricketersarms_keepers_lager_330ml_bottles             , cricketersarms keepers lager 330ml bottles          , cricketersarms keepers lager 330ml bottles          , cricketersarms keepers lager 330ml bottles             , cricketersarms keepers lager 330ml bottles             
cricketersarms_session_ale_375ml_cans                  , cricketersarms session ale 375ml cans               , cricketersarms session ale 375ml cans               , cricketersarms session ale 375ml cans                  , cricketersarms session ale 375ml cans                  
beer_somersby_apple_coder                              , beer somersby apple coder                           , beer somersby apple coder                           , beer somersby apple coder                              , beer somersby apple coder                              
beer_somersby_pears_cider                              , beer somersby pears cider                           , beer somersby pears cider                           , beer somersby pears cider                              , beer somersby pears cider                              
beer_somersby_blackberry                               , beer somersby blackberry                            , beer somersby blackberry                            , beer somersby blackberry                               , beer somersby blackberry                               
the_cider_lab_pink_lady_cider                          , the cider lab pink lady cider                       , the cider lab pink lady cider                       , the cider lab pink lady cider                          , the cider lab pink lady cider                          
the_cider_lab_royal_gala-cider                         , the cider lab royal gala-cider                      , the cider lab royal gala-cider                      , the cider lab royal gala-cider                         , the cider lab royal gala-cider                         
the_cider_lab_packham_pear                             , the cider lab packham pear                          , the cider lab packham pear                          , the cider lab packham pear                             , the cider lab packham pear                             
beer_somersby_apple_cider_330ml_bottles                , beer somersby apple cider 330ml bottles             , beer somersby apple cider 330ml bottles             , beer somersby apple cider 330ml bottles                , beer somersby apple cider 330ml bottles                
beer_somersby_apple_cider_375ml_cans                   , beer somersby apple cider 375ml cans                , beer somersby apple cider 375ml cans                , beer somersby apple cider 375ml cans                   , beer somersby apple cider 375ml cans                   
beer_somersby_pear_cider_330ml_bottles                 , beer somersby pear cider 330ml bottles              , beer somersby pear cider 330ml bottles              , beer somersby pear cider 330ml bottles                 , beer somersby pear cider 330ml bottles                 
beer_somersby_pear_cider_375ml_cans                    , beer somersby pear cider 375ml cans                 , beer somersby pear cider 375ml cans                 , beer somersby pear cider 375ml cans                    , beer somersby pear cider 375ml cans                    
beer_somersby_blackberry_330ml_bottles                 , beer somersby blackberry 330ml bottles              , beer somersby blackberry 330ml bottles              , beer somersby blackberry 330ml bottles                 , beer somersby blackberry 330ml bottles                 
the_cider_lab_pink_lady_cider_330ml_bottles            , the cider lab pink lady cider                       , the cider lab pink lady cider                       , the cider lab pink lady cider                          , the cider lab pink lady cider                          
the_cider_lab_royal_gala_cider_330ml_bottles           , the cider lab royal gala cider                      , the cider lab royal gala cider                      , the cider lab royal gala cider                         , the cider lab royal gala cider                         
the_cider_lab_packham_pear_330ml_bottles               , the cider lab packham pear 330ml                    , the cider lab packham pear 330ml                    , the cider lab packham pear 330ml                       , the cider lab packham pear 330ml                       
mist_wood_gin_bottles                                  , mist wood gin bottles                               , mist wood gin bottles                               , mist wood gin bottles                                  , mist wood gin bottles                                  
vodka_cruiser_bottles                                  , vodka cruiser bottles                               , vodka cruiser bottles                               , vodka cruiser bottles                                  , vodka cruiser bottles                                  
vodka_cruiser_cans                                     , vodka cruiser cans                                  , vodka cruiser cans                                  , vodka cruiser cans                                     , vodka cruiser cans                                     
vodka_cruiser_black_bottles                            , vodka cruiser black bottles                         , vodka cruiser black bottles                         , vodka cruiser black bottles                            , vodka cruiser black bottles                            
vodka_cruiser_black_cans                               , vodka cruiser black cans                            , vodka cruiser black cans                            , vodka cruiser black cans                               , vodka cruiser black cans                               
vodka_cruiser_mudshake                                 , vodka cruiser mudshake                              , vodka cruiser mudshake                              , vodka cruiser mudshake                                 , vodka cruiser mudshake                                 
vodka_o_bottles                                        , vodka o bottles                                     , vodka o bottles                                     , vodka o bottles                                        , vodka o bottles                                        
vodka_o_cans                                           , vodka o cans                                        , vodka o cans                                        , vodka o cans                                           , vodka o cans                                           
rhythm_vodka_ginseng_soda                              , rhythm vodka ginseng soda                           , rhythm vodka ginseng soda                           , rhythm vodka ginseng soda                              , rhythm vodka ginseng soda                              
red_bear_lemon_lime                                    , red bear lemon lime                                 , red bear lemon lime                                 , red bear lemon lime                                    , red bear lemon lime                                    
mist_wood_gin_apple_320ml_bottles                      , mist wood gin apple 320ml bottles                   , mist wood gin apple 320ml bottles                   , mist wood gin apple 320ml bottles                      , mist wood gin apple 320ml bottles                      
mist_wood_gin_grapefruit_n_lime_320ml_bottles          , mist wood gin grapefruit n lime                     , mist wood gin grapefruit n lime                     , mist wood gin grapefruit n lime                        , mist wood gin grapefruit n lime                        
mist_wood_gin_orange_n_bitters_320ml_bottles           , mist wood gin orange n bitters                      , mist wood gin orange n bitters                      , mist wood gin orange n bitters                         , mist wood gin orange n bitters                         
vodka_cruiser_berry_275ml_bottles                      , vodka cruiser berry 275ml bottles                   , vodka cruiser berry 275ml bottles                   , vodka cruiser berry 275ml bottles                      , vodka cruiser berry 275ml bottles                      
vodka_cruiser_guava_275ml_bottles                      , vodka cruiser guava 275ml bottles                   , vodka cruiser guava 275ml bottles                   , vodka cruiser guava 275ml bottles                      , vodka cruiser guava 275ml bottles                      
vodka_cruiser_lemon_n_lime_275ml_bottles               , vodka cruiser lemon n lime 275ml                    , vodka cruiser lemon n lime 275ml                    , vodka cruiser lemon n lime 275ml                       , vodka cruiser lemon n lime 275ml                       
vodka_cruiser_lemon_n_passionfruit_275ml_bottles       , vodka cruiser lemon n passionfruit 275ml            , vodka cruiser lemon n passionfruit 275ml            , vodka cruiser lemon n passionfruit 275ml               , vodka cruiser lemon n passionfruit 275ml               
vodka_cruiser_pineapple_275ml_bottle                   , vodka cruiser pineapple 275ml bottle                , vodka cruiser pineapple 275ml bottle                , vodka cruiser pineapple 275ml bottle                   , vodka cruiser pineapple 275ml bottle                   
vodka_cruiser_raspberry_275ml_bottle                   , vodka cruiser raspberry 275ml bottle                , vodka cruiser raspberry 275ml bottle                , vodka cruiser raspberry 275ml bottle                   , vodka cruiser raspberry 275ml bottle                   
vodka_cruiser_strawberry_275ml_bottle                  , vodka cruiser strawberry 275ml bottle               , vodka cruiser strawberry 275ml bottle               , vodka cruiser strawberry 275ml bottle                  , vodka cruiser strawberry 275ml bottle                  
vodka_cruiser_watermelon_275ml_bottle                  , vodka cruiser watermelon 275ml bottle               , vodka cruiser watermelon 275ml bottle               , vodka cruiser watermelon 275ml bottle                  , vodka cruiser watermelon 275ml bottle                  
vodka_cruiser_core_mixed_6_275ml_bottle                , vodka cruiser core mixed 6 275ml                    , vodka cruiser core mixed 6 275ml                    , vodka cruiser core mixed 6 275ml                       , vodka cruiser core mixed 6 275ml                       
vodka_cruiser_core_mixed_10_275ml_bottle               , vodka cruiser core mixed 10 275ml                   , vodka cruiser core mixed 10 275ml                   , vodka cruiser core mixed 10 275ml                      , vodka cruiser core mixed 10 275ml                      
vodka_cruiser_free_citrus_275ml_bottle                 , vodka cruiser free citrus 275ml bottle              , vodka cruiser free citrus 275ml bottle              , vodka cruiser free citrus 275ml bottle                 , vodka cruiser free citrus 275ml bottle                 
vodka_cruiser_free_mixed_berry_275ml_bottle            , vodka cruiser free mixed berry 275ml                , vodka cruiser free mixed berry 275ml                , vodka cruiser free mixed berry 275ml                   , vodka cruiser free mixed berry 275ml                   
vodka_cruiser_free_peach_n_mango_275ml_bottle          , vodka cruiser free peach n mango                    , vodka cruiser free peach n mango                    , vodka cruiser free peach n mango                       , vodka cruiser free peach n mango                       
vodka_cruiser_black_citrus_275ml_bottle                , vodka cruiser black citrus 275ml bottle             , vodka cruiser black citrus 275ml bottle             , vodka cruiser black citrus 275ml bottle                , vodka cruiser black citrus 275ml bottle                
vodka_cruiser_black_citrus_300ml_slimline_can          , vodka cruiser black citrus 300ml slimline           , vodka cruiser black citrus 300ml slimline           , vodka cruiser black citrus 300ml slimline              , vodka cruiser black citrus 300ml slimline              
vodka_cruiser_black_lemon_lime_n_bitters_275ml         , vodka cruiser black lemon lime n                    , vodka cruiser black lemon lime n                    , vodka cruiser black lemon lime n                       , vodka cruiser black lemon lime n                       
vodka_cruiser_black_raspberry_275ml_bottle             , vodka cruiser black raspberry 275ml bottle          , vodka cruiser black raspberry 275ml bottle          , vodka cruiser black raspberry 275ml bottle             , vodka cruiser black raspberry 275ml bottle             
vodka_cruiser_mudshake_chocolate_270ml_bottle          , vodka cruiser mudshake chocolate 270ml bottle       , vodka cruiser mudshake chocolate 270ml bottle       , vodka cruiser mudshake chocolate 270ml bottle          , vodka cruiser mudshake chocolate 270ml bottle          
vodka_cruiser_mudshake_cowboy_270ml_bottle             , vodka cruiser mudshake cowboy 270ml bottle          , vodka cruiser mudshake cowboy 270ml bottle          , vodka cruiser mudshake cowboy 270ml bottle             , vodka cruiser mudshake cowboy 270ml bottle             
vodka_cruiser_mudshake_espresso_martini_270ml          , vodka cruiser mudshake espresso martini 270ml       , vodka cruiser mudshake espresso martini 270ml       , vodka cruiser mudshake espresso martini 270ml          , vodka cruiser mudshake espresso martini 270ml          
vodka_o_strawberry_cranberry_basil_330ml_bottle        , vodka o strawberry cranberry basil 330ml            , vodka o strawberry cranberry basil 330ml            , vodka o strawberry cranberry basil 330ml               , vodka o strawberry cranberry basil 330ml               
vodka_o_pineapple_cucumber_mint_330ml_bottle           , vodka o pineapple cucumber mint 330ml               , vodka o pineapple cucumber mint 330ml               , vodka o pineapple cucumber mint 330ml                  , vodka o pineapple cucumber mint 330ml                  
vodka_o_apple_ginger_spice_330ml_bottle                , vodka o apple ginger spice 330ml                    , vodka o apple ginger spice 330ml                    , vodka o apple ginger spice 330ml                       , vodka o apple ginger spice 330ml                       
vodka_o_pear_with_hint_of_vanilla_330ml_bottle         , vodka o pear with hint of                           , vodka o pear with hint of                           , vodka o pear with hint of                              , vodka o pear with hint of                              
vodka_o_lemonade_lime_330ml_can                        , vodka o lemonade lime 330ml can                     , vodka o lemonade lime 330ml can                     , vodka o lemonade lime 330ml can                        , vodka o lemonade lime 330ml can                        
red_bear_lemon_lime_375ml_can                          , red bear lemon lime 375ml can                       , red bear lemon lime 375ml can                       , red bear lemon lime 375ml can                          , red bear lemon lime 375ml can                          
red_bear_passionfruit_375ml_can                        , red bear passionfruit 375ml can                     , red bear passionfruit 375ml can                     , red bear passionfruit 375ml can                        , red bear passionfruit 375ml can                        
red_bear_pineapple_375ml_can                           , red bear pineapple 375ml can                        , red bear pineapple 375ml can                        , red bear pineapple 375ml can                           , red bear pineapple 375ml can                           
red_bear_raspberry_375ml_can                           , red bear raspberry 375ml can                        , red bear raspberry 375ml can                        , red bear raspberry 375ml can                           , red bear raspberry 375ml can                           
rhythm-vodka_ginseng_soda_300ml_slimline_can           , rhythm-vodka ginseng soda 300ml slimline can        , rhythm-vodka ginseng soda 300ml slimline can        , rhythm-vodka ginseng soda 300ml slimline can           , rhythm-vodka ginseng soda 300ml slimline can           
highland_cola                                          , highland cola                                       , highland cola                                       , highland cola                                          , highland cola                                          
highland_dry                                           , highland dry                                        , highland dry                                        , highland dry                                           , highland dry                                           
spicebox_dry_lime                                      , spicebox dry lime                                   , spicebox dry lime                                   , spicebox dry lime                                      , spicebox dry lime                                      
wildmoose                                              , wildmoose                                           , wildmoose                                           , wildmoose                                              , wildmoose                                              
woodstock_easy_roller                                  , woodstock easy roller                               , woodstock easy roller                               , woodstock easy roller                                  , woodstock easy roller                                  
woodsstock_4.8_per                                     , woodsstock 4.8 per                                  , woodsstock 4.8 per                                  , woodsstock 4.8 per                                     , woodsstock 4.8 per                                     
woodsstock_6.8_per                                     , woodsstock 6.8 per                                  , woodsstock 6.8 per                                  , woodsstock 6.8 per                                     , woodsstock 6.8 per                                     
woodsstock_8.0_per                                     , woodsstock 8 per                                    , woodsstock 8 per                                    , woodsstock 8 per                                       , woodsstock 8 per                                       
woodsstock_10.0_per                                    , woodsstock 10 per                                   , woodsstock 10 per                                   , woodsstock 10 per                                      , woodsstock 10 per                                      
woodsstock_12.0_per                                    , woodsstock 12 per                                   , woodsstock 12 per                                   , woodsstock 12 per                                      , woodsstock 12 per                                      
woodstock_easy_roller_330ml_6X4_pack_bottle            , woodstock easy roller 330ml 6X4 pack                , woodstock easy roller 330ml 6X4 pack                , woodstock easy roller 330ml 6X4 pack                   , woodstock easy roller 330ml 6X4 pack                   
woodstock_4.8_per_375ml_cube                           , woodstock 4.8 per 375ml cube                        , woodstock 4.8 per 375ml cube                        , woodstock 4.8 per 375ml cube                           , woodstock 4.8 per 375ml cube                           
woodstock_4.8_per_375ml_6X4_pack                       , woodstock 4.8 per 375ml 6X4 pack                    , woodstock 4.8 per 375ml 6X4 pack                    , woodstock 4.8 per 375ml 6X4 pack                       , woodstock 4.8 per 375ml 6X4 pack                       
woodstock_4.8_per_330ml_bottle                         , woodstock 4.8 per 330ml bottle                      , woodstock 4.8 per 330ml bottle                      , woodstock 4.8 per 330ml bottle                         , woodstock 4.8 per 330ml bottle                         
woodstock_4.8_per_375ml_3X10_pack_can                  , woodstock 4.8 per 375ml 3X10 pack                   , woodstock 4.8 per 375ml 3X10 pack                   , woodstock 4.8 per 375ml 3X10 pack                      , woodstock 4.8 per 375ml 3X10 pack                      
woodstock_4.8_per_660ml_bottle                         , woodstock 4.8 per 660ml bottle                      , woodstock 4.8 per 660ml bottle                      , woodstock 4.8 per 660ml bottle                         , woodstock 4.8 per 660ml bottle                         
woodstock_4.8_per_440ml_one_footer                     , woodstock 4.8 per 440ml one footer                  , woodstock 4.8 per 440ml one footer                  , woodstock 4.8 per 440ml one footer                     , woodstock 4.8 per 440ml one footer                     
woodstock_6.0_per_375ml_can                            , woodstock 6 per 375ml can                           , woodstock 6 per 375ml can                           , woodstock 6 per 375ml can                              , woodstock 6 per 375ml can                              
woodstock_6.0_per_660ml_bottle                         , woodstock 6 per 660ml bottle                        , woodstock 6 per 660ml bottle                        , woodstock 6 per 660ml bottle                           , woodstock 6 per 660ml bottle                           
woodstock_6.0_per_375ml_3X10_pack_can                  , woodstock 6 per 375ml 3X10 pack                     , woodstock 6 per 375ml 3X10 pack                     , woodstock 6 per 375ml 3X10 pack                        , woodstock 6 per 375ml 3X10 pack                        
woodstock_8.0_per_375ml_6X4_pack_can                   , woodstock 8 per 375ml 6X4 pack                      , woodstock 8 per 375ml 6X4 pack                      , woodstock 8 per 375ml 6X4 pack                         , woodstock 8 per 375ml 6X4 pack                         
woodstock_8.0_per_375ml_3X10_pack_can                  , woodstock 8 per 375ml 3X10 pack                     , woodstock 8 per 375ml 3X10 pack                     , woodstock 8 per 375ml 3X10 pack                        , woodstock 8 per 375ml 3X10 pack                        
woodstock_10.10_per_200ml_6X4_pack_can                 , woodstock 10.1 per 200ml 6X4 pack                   , woodstock 10.1 per 200ml 6X4 pack                   , woodstock 10.1 per 200ml 6X4 pack                      , woodstock 10.1 per 200ml 6X4 pack                      
woodstock_10.10_per_375ml_8X3_pack_can                 , woodstock 10.1 per 375ml 8X3 pack                   , woodstock 10.1 per 375ml 8X3 pack                   , woodstock 10.1 per 375ml 8X3 pack                      , woodstock 10.1 per 375ml 8X3 pack                      
woodstock_12.0_per_200ml_6X4_pack_can                  , woodstock 12 per 200ml 6X4 pack                     , woodstock 12 per 200ml 6X4 pack                     , woodstock 12 per 200ml 6X4 pack                        , woodstock 12 per 200ml 6X4 pack                        
highland_cola_4.8_per_375ml_4X6_pack_can               , highland cola 4.8 per 375ml 4X6                     , highland cola 4.8 per 375ml 4X6                     , highland cola 4.8 per 375ml 4X6                        , highland cola 4.8 per 375ml 4X6                        
highland_cola_4.8_per_375ml_3X10_pack_can              , highland cola 4.8 per 375ml 3X10                    , highland cola 4.8 per 375ml 3X10                    , highland cola 4.8 per 375ml 3X10                       , highland cola 4.8 per 375ml 3X10                       
highland_cola_4.8_per_375ml_6X4_pack_can               , highland cola 4.8 per 375ml 6X4                     , highland cola 4.8 per 375ml 6X4                     , highland cola 4.8 per 375ml 6X4                        , highland cola 4.8 per 375ml 6X4                        
highland_dry_4.8_per_375ml_4X6_pack_can                , highland dry 4.8 per 375ml 4X6                      , highland dry 4.8 per 375ml 4X6                      , highland dry 4.8 per 375ml 4X6                         , highland dry 4.8 per 375ml 4X6                         
spricebox_dry_n_lime_330ml_6X4_pack_bottle             , spricebox dry n lime 330ml 6X4                      , spricebox dry n lime 330ml 6X4                      , spricebox dry n lime 330ml 6X4                         , spricebox dry n lime 330ml 6X4                         
wildmoose_330ml_6X4_pack_bottle                        , wildmoose 330ml 6X4 pack bottle                     , wildmoose 330ml 6X4 pack bottle                     , wildmoose 330ml 6X4 pack bottle                        , wildmoose 330ml 6X4 pack bottle                        
wildmoose_375ml_4X6_pack_can                           , wildmoose 375ml 4X6 pack can                        , wildmoose 375ml 4X6 pack can                        , wildmoose 375ml 4X6 pack can                           , wildmoose 375ml 4X6 pack can                           
nikka                                                  , nikka                                               , nikka                                               , nikka                                                  , nikka                                                  
spicebox                                               , spicebox                                            , spicebox                                            , spicebox                                               , spicebox                                               
woodstock                                              , woodstock                                           , woodstock                                           , woodstock                                              , woodstock                                              
untold                                                 , untold                                              , untold                                              , untold                                                 , untold                                                 
nikka_from_the_barrel                                  , nikka from the barrel                               , nikka from the barrel                               , nikka from the barrel                                  , nikka from the barrel                                  
spicebox_candian_whiskey                               , spicebox candian whiskey                            , spicebox candian whiskey                            , spicebox candian whiskey                               , spicebox candian whiskey                               
woodstock_kentucky_bourbon                             , woodstock kentucky bourbon                          , woodstock kentucky bourbon                          , woodstock kentucky bourbon                             , woodstock kentucky bourbon                             
untold_spiced_rum                                      , untold spiced rum                                   , untold spiced rum                                   , untold spiced rum                                      , untold spiced rum                                      
vodka_o                                                , vodka o                                             , vodka o                                             , vodka o                                                , vodka o                                                
vdka_6100                                              , vdka 6100                                           , vdka 6100                                           , vdka 6100                                              , vdka 6100                                              
mist_wood                                              , mist wood                                           , mist wood                                           , mist wood                                              , mist wood                                              
tequilla_blu                                           , tequilla blu                                        , tequilla blu                                        , tequilla blu                                           , tequilla blu                                           
vodka_o_700ml                                          , vodka o 700ml                                       , vodka o 700ml                                       , vodka o 700ml                                          , vodka o 700ml                                          
vodka_0_1L                                             , vodka 0 1L                                          , vodka 0 1L                                          , vodka 0 1L                                             , vodka 0 1L                                             
vdka_6100_700ml                                        , vdka 6100 700ml                                     , vdka 6100 700ml                                     , vdka 6100 700ml                                        , vdka 6100 700ml                                        
mist_wood_gin_700ml                                    , mist wood gin 700ml                                 , mist wood gin 700ml                                 , mist wood gin 700ml                                    , mist wood gin 700ml                                    
tequilla_blu_reposada_700ml                            , tequilla blu reposada 700ml                         , tequilla blu reposada 700ml                         , tequilla blu reposada 700ml                            , tequilla blu reposada 700ml                            
pepsi                                                  , pepsi                                               , pepsi                                               , pepsi                                                  , pepsi                                                  
pepsi_max                                              , pepsi max                                           , pepsi max                                           , pepsi max                                              , pepsi max                                              
schweppes_lemonade                                     , schweppes lemonade                                  , schweppes lemonade                                  , schweppes lemonade                                     , schweppes lemonade                                     
schweppes_llb                                          , schweppes llb                                       , schweppes llb                                       , schweppes llb                                          , schweppes llb                                          
schweppes_dry                                          , schweppes dry                                       , schweppes dry                                       , schweppes dry                                          , schweppes dry                                          
schweppes_tonic                                        , schweppes tonic                                     , schweppes tonic                                     , schweppes tonic                                        , schweppes tonic                                        
schweppes_red_creaming_soda                            , schweppes red creaming soda                         , schweppes red creaming soda                         , schweppes red creaming soda                            , schweppes red creaming soda                            
schweppes_orange_juice                                 , schweppes orange juice                              , schweppes orange juice                              , schweppes orange juice                                 , schweppes orange juice                                 
sunkist                                                , sunkist                                             , sunkist                                             , sunkist                                                , sunkist                                                
solo                                                   , solo                                                , solo                                                , solo                                                   , solo                                                   
sunkist_fub                                            , sunkist fub                                         , sunkist fub                                         , sunkist fub                                            , sunkist fub                                            
pepse_freeze_fcb                                       , pepse freeze fcb                                    , pepse freeze fcb                                    , pepse freeze fcb                                       , pepse freeze fcb                                       
schweppes_raspberry_fcb                                , schweppes raspberry fcb                             , schweppes raspberry fcb                             , schweppes raspberry fcb                                , schweppes raspberry fcb                                
pepsi_15L                                              , pepsi 15L                                           , pepsi 15L                                           , pepsi 15L                                              , pepsi 15L                                              
pepsi_max_10L                                          , pepsi max 10L                                       , pepsi max 10L                                       , pepsi max 10L                                          , pepsi max 10L                                          
schweppes_lemonade_15L                                 , schweppes lemonade 15L                              , schweppes lemonade 15L                              , schweppes lemonade 15L                                 , schweppes lemonade 15L                                 
schweppes_llb_10L                                      , schweppes llb 10L                                   , schweppes llb 10L                                   , schweppes llb 10L                                      , schweppes llb 10L                                      
schweppes_dry_10L                                      , schweppes dry 10L                                   , schweppes dry 10L                                   , schweppes dry 10L                                      , schweppes dry 10L                                      
schweppes_tonic_10L                                    , schweppes tonic 10L                                 , schweppes tonic 10L                                 , schweppes tonic 10L                                    , schweppes tonic 10L                                    
schweppes_red_creaming_soda_15L                        , schweppes red creaming soda 15L                     , schweppes red creaming soda 15L                     , schweppes red creaming soda 15L                        , schweppes red creaming soda 15L                        
schweppes_orange_juice_10L                             , schweppes orange juice 10L                          , schweppes orange juice 10L                          , schweppes orange juice 10L                             , schweppes orange juice 10L                             
sunkist_15L                                            , sunkist 15L                                         , sunkist 15L                                         , sunkist 15L                                            , sunkist 15L                                            
solo_15L                                               , solo 15L                                            , solo 15L                                            , solo 15L                                               , solo 15L                                               
sunkist_raspberry_fub_2L                               , sunkist raspberry fub 2L                            , sunkist raspberry fub 2L                            , sunkist raspberry fub 2L                               , sunkist raspberry fub 2L                               
sunkist_lime_fub_2L                                    , sunkist lime fub 2L                                 , sunkist lime fub 2L                                 , sunkist lime fub 2L                                    , sunkist lime fub 2L                                    
sunkist_orange_fub_2L                                  , sunkist orange fub 2L                               , sunkist orange fub 2L                               , sunkist orange fub 2L                                  , sunkist orange fub 2L                                  
pepsi_freeze_FCB_10L                                   , pepsi freeze FCB 10L                                , pepsi freeze FCB 10L                                , pepsi freeze FCB 10L                                   , pepsi freeze FCB 10L                                   
schweppes_raspberry_fcb_10L                            , schweppes raspberry fcb 10L                         , schweppes raspberry fcb 10L                         , schweppes raspberry fcb 10L                            , schweppes raspberry fcb 10L                            
softdrink_pepsi                                        , softdrink pepsi                                     , softdrink pepsi                                     , softdrink pepsi                                        , softdrink pepsi                                        
softdrink_pepsi_max                                    , softdrink pepsi max                                 , softdrink pepsi max                                 , softdrink pepsi max                                    , softdrink pepsi max                                    
softdrink_schweppes_lemonade                           , softdrink schweppes lemonade                        , softdrink schweppes lemonade                        , softdrink schweppes lemonade                           , softdrink schweppes lemonade                           
softdrink_schweppe_llb                                 , softdrink schweppe llb                              , softdrink schweppe llb                              , softdrink schweppe llb                                 , softdrink schweppe llb                                 
softdrink_schweppes_dry                                , softdrink schweppes dry                             , softdrink schweppes dry                             , softdrink schweppes dry                                , softdrink schweppes dry                                
softdrink_schweppes_tonic                              , softdrink schweppes tonic                           , softdrink schweppes tonic                           , softdrink schweppes tonic                              , softdrink schweppes tonic                              
softdrink_schweppes_red_creaming_soda                  , softdrink schweppes red creaming soda               , softdrink schweppes red creaming soda               , softdrink schweppes red creaming soda                  , softdrink schweppes red creaming soda                  
softdrink_schweppes_soda_water                         , softdrink schweppes soda water                      , softdrink schweppes soda water                      , softdrink schweppes soda water                         , softdrink schweppes soda water                         
softdrink_sunkist                                      , softdrink sunkist                                   , softdrink sunkist                                   , softdrink sunkist                                      , softdrink sunkist                                      
softdrink_solo                                         , softdrink solo                                      , softdrink solo                                      , softdrink solo                                         , softdrink solo                                         
agrum_blood_orange_24X300ml_glass_bottles(6X4)         , agrum blood orange 24X300ml glass bottles(6X4)      , agrum blood orange 24X300ml glass bottles(6X4)      , agrum blood orange 24X300ml glass bottles(6X4)         , agrum blood orange 24X300ml glass bottles(6X4)         
agrum_blood_orange_12X1.25L_pet_bottle                 , agrum blood orange 12X1.25L pet bottle              , agrum blood orange 12X1.25L pet bottle              , agrum blood orange 12X1.25L pet bottle                 , agrum blood orange 12X1.25L pet bottle                 
agrum_citrus_24X300ml_glass_bottles(6X4)               , agrum citrus 24X300ml glass bottles(6X4)            , agrum citrus 24X300ml glass bottles(6X4)            , agrum citrus 24X300ml glass bottles(6X4)               , agrum citrus 24X300ml glass bottles(6X4)               
agrum_citrus_12X1.25L_pet_bottles                      , agrum citrus 12X1.25L pet bottles                   , agrum citrus 12X1.25L pet bottles                   , agrum citrus 12X1.25L pet bottles                      , agrum citrus 12X1.25L pet bottles                      
moutain_dew_energised_24X375ml_can                     , moutain dew energised 24X375ml can                  , moutain dew energised 24X375ml can                  , moutain dew energised 24X375ml can                     , moutain dew energised 24X375ml can                     
moutain_dew_energised_24X600ml_pet_bottle              , moutain dew energised 24X600ml pet bottle           , moutain dew energised 24X600ml pet bottle           , moutain dew energised 24X600ml pet bottle              , moutain dew energised 24X600ml pet bottle              
passiona_24X375ml_can                                  , passiona 24X375ml can                               , passiona 24X375ml can                               , passiona 24X375ml can                                  , passiona 24X375ml can                                  
passiona_24X600ml_pet_bottle                           , passiona 24X600ml pet bottle                        , passiona 24X600ml pet bottle                        , passiona 24X600ml pet bottle                           , passiona 24X600ml pet bottle                           
passiona_12X1.25L_pet_bottle                           , passiona 12X1.25L pet bottle                        , passiona 12X1.25L pet bottle                        , passiona 12X1.25L pet bottle                           , passiona 12X1.25L pet bottle                           
pepsi_24X250ml_can                                     , pepsi 24X250ml can                                  , pepsi 24X250ml can                                  , pepsi 24X250ml can                                     , pepsi 24X250ml can                                     
pepsi_24X300ml_glass_bottle(6X4)                       , pepsi 24X300ml glass bottle(6X4)                    , pepsi 24X300ml glass bottle(6X4)                    , pepsi 24X300ml glass bottle(6X4)                       , pepsi 24X300ml glass bottle(6X4)                       
pepsi_24X375ml_can                                     , pepsi 24X375ml can                                  , pepsi 24X375ml can                                  , pepsi 24X375ml can                                     , pepsi 24X375ml can                                     
pepsi_24X450ml_pet_bottle                              , pepsi 24X450ml pet bottle                           , pepsi 24X450ml pet bottle                           , pepsi 24X450ml pet bottle                              , pepsi 24X450ml pet bottle                              
pepsi_24X600ml_pet_bottle                              , pepsi 24X600ml pet bottle                           , pepsi 24X600ml pet bottle                           , pepsi 24X600ml pet bottle                              , pepsi 24X600ml pet bottle                              
pepsi_12X1.25L_pet_bottle                              , pepsi 12X1.25L pet bottle                           , pepsi 12X1.25L pet bottle                           , pepsi 12X1.25L pet bottle                              , pepsi 12X1.25L pet bottle                              
pepsi_8X2L_pet_bottle                                  , pepsi 8X2L pet bottle                               , pepsi 8X2L pet bottle                               , pepsi 8X2L pet bottle                                  , pepsi 8X2L pet bottle                                  
pepsi_light_24X375mlbottle                             , pepsi light 24X375mlbottle                          , pepsi light 24X375mlbottle                          , pepsi light 24X375mlbottle                             , pepsi light 24X375mlbottle                             
pepsi_max_24X300ml_glass_bottles(6X4)                  , pepsi max 24X300ml glass bottles(6X4)               , pepsi max 24X300ml glass bottles(6X4)               , pepsi max 24X300ml glass bottles(6X4)                  , pepsi max 24X300ml glass bottles(6X4)                  
pepsi_max_24X375ml_can                                 , pepsi max 24X375ml can                              , pepsi max 24X375ml can                              , pepsi max 24X375ml can                                 , pepsi max 24X375ml can                                 
pepsi_max_24X450ml_pet_bottles                         , pepsi max 24X450ml pet bottles                      , pepsi max 24X450ml pet bottles                      , pepsi max 24X450ml pet bottles                         , pepsi max 24X450ml pet bottles                         
pepsi_max_24X600ml_pet_bottles                         , pepsi max 24X600ml pet bottles                      , pepsi max 24X600ml pet bottles                      , pepsi max 24X600ml pet bottles                         , pepsi max 24X600ml pet bottles                         
pepsi_max_12X1.25L_pet_bottles                         , pepsi max 12X1.25L pet bottles                      , pepsi max 12X1.25L pet bottles                      , pepsi max 12X1.25L pet bottles                         , pepsi max 12X1.25L pet bottles                         
pepsi_max_8X2L_pet_bottles                             , pepsi max 8X2L pet bottles                          , pepsi max 8X2L pet bottles                          , pepsi max 8X2L pet bottles                             , pepsi max 8X2L pet bottles                             
schweppws_bitter_lemon_24X300ml_glass_bottle(6X4)      , schweppws bitter lemon 24X300ml glass bottle(6X4)   , schweppws bitter lemon 24X300ml glass bottle(6X4)   , schweppws bitter lemon 24X300ml glass bottle(6X4)      , schweppws bitter lemon 24X300ml glass bottle(6X4)      
schweppws_diet-tonic_water_24X300ml_glass_bottle       , schweppws diet-tonic water 24X300ml glass bottle    , schweppws diet-tonic water 24X300ml glass bottle    , schweppws diet-tonic water 24X300ml glass bottle       , schweppws diet-tonic water 24X300ml glass bottle       
schweppws_diet_tonic_water_12X1.25L_pet_bottle         , schweppws diet tonic water 12X1.25L pet             , schweppws diet tonic water 12X1.25L pet             , schweppws diet tonic water 12X1.25L pet                , schweppws diet tonic water 12X1.25L pet                
schweppws_diet_dry_ginger_ale_12X1.25L_pet_bottle      , schweppws diet dry ginger ale 12X1.25L              , schweppws diet dry ginger ale 12X1.25L              , schweppws diet dry ginger ale 12X1.25L                 , schweppws diet dry ginger ale 12X1.25L                 
schweppws_dry_ginger_ale_24X250ml_can                  , schweppws dry ginger ale 24X250ml can               , schweppws dry ginger ale 24X250ml can               , schweppws dry ginger ale 24X250ml can                  , schweppws dry ginger ale 24X250ml can                  
schweppws_dry_ginger_ale_24X300ml_glass_bottles        , schweppws dry ginger ale 24X300ml glass             , schweppws dry ginger ale 24X300ml glass             , schweppws dry ginger ale 24X300ml glass                , schweppws dry ginger ale 24X300ml glass                
schweppws_dry_ginger_ale_12X1.25L_pet_bottle           , schweppws dry ginger ale 12X1.25L pet               , schweppws dry ginger ale 12X1.25L pet               , schweppws dry ginger ale 12X1.25L pet                  , schweppws dry ginger ale 12X1.25L pet                  
schweppws_lemon_lime_n_bitter_24X300ml_glass_bottle    , schweppws lemon lime n bitter 24X300ml              , schweppws lemon lime n bitter 24X300ml              , schweppws lemon lime n bitter 24X300ml                 , schweppws lemon lime n bitter 24X300ml                 
schweppws_lemon_lime_n_bitter_12X1.25L_pet_bottle      , schweppws lemon lime n bitter 12X1.25L              , schweppws lemon lime n bitter 12X1.25L              , schweppws lemon lime n bitter 12X1.25L                 , schweppws lemon lime n bitter 12X1.25L                 
schweppws_lemonade_24X250ml_can                        , schweppws lemonade 24X250ml can                     , schweppws lemonade 24X250ml can                     , schweppws lemonade 24X250ml can                        , schweppws lemonade 24X250ml can                        
schweppws_lemonade_24X300ml_glass_bottle(6X4)          , schweppws lemonade 24X300ml glass bottle(6X4)       , schweppws lemonade 24X300ml glass bottle(6X4)       , schweppws lemonade 24X300ml glass bottle(6X4)          , schweppws lemonade 24X300ml glass bottle(6X4)          
schweppws_lemonade_24X375ml_can                        , schweppws lemonade 24X375ml can                     , schweppws lemonade 24X375ml can                     , schweppws lemonade 24X375ml can                        , schweppws lemonade 24X375ml can                        
schweppws_lemonade_24X450ml_pet_bottle                 , schweppws lemonade 24X450ml pet bottle              , schweppws lemonade 24X450ml pet bottle              , schweppws lemonade 24X450ml pet bottle                 , schweppws lemonade 24X450ml pet bottle                 
schweppws_lemonade_24X600ml_pet_bottle                 , schweppws lemonade 24X600ml pet bottle              , schweppws lemonade 24X600ml pet bottle              , schweppws lemonade 24X600ml pet bottle                 , schweppws lemonade 24X600ml pet bottle                 
schweppws_lemonade_12X1.25L_pet_bottle                 , schweppws lemonade 12X1.25L pet bottle              , schweppws lemonade 12X1.25L pet bottle              , schweppws lemonade 12X1.25L pet bottle                 , schweppws lemonade 12X1.25L pet bottle                 
schweppws_lemonade_8X2L_pet_bottle                     , schweppws lemonade 8X2L pet bottle                  , schweppws lemonade 8X2L pet bottle                  , schweppws lemonade 8X2L pet bottle                     , schweppws lemonade 8X2L pet bottle                     
schweppws_lemonade_suger_free_12X1.25L_pet_bottle      , schweppws lemonade suger free 12X1.25L pet          , schweppws lemonade suger free 12X1.25L pet          , schweppws lemonade suger free 12X1.25L pet             , schweppws lemonade suger free 12X1.25L pet             
schweppws_soda_water_24X250ml_can                      , schweppws soda water 24X250ml can                   , schweppws soda water 24X250ml can                   , schweppws soda water 24X250ml can                      , schweppws soda water 24X250ml can                      
schweppws_soda_water_24X300ml_glass_bottle(6X4)        , schweppws soda water 24X300ml glass bottle(6X4)     , schweppws soda water 24X300ml glass bottle(6X4)     , schweppws soda water 24X300ml glass bottle(6X4)        , schweppws soda water 24X300ml glass bottle(6X4)        
schweppws_sode_water_12X1.25L_pet_bottle               , schweppws sode water 12X1.25L pet bottle            , schweppws sode water 12X1.25L pet bottle            , schweppws sode water 12X1.25L pet bottle               , schweppws sode water 12X1.25L pet bottle               
schweppws_tonic_water_24X250ml_can                     , schweppws tonic water 24X250ml can                  , schweppws tonic water 24X250ml can                  , schweppws tonic water 24X250ml can                     , schweppws tonic water 24X250ml can                     
schweppws_tonic_water_24X300ml_glass_bottler(6X4)      , schweppws tonic water 24X300ml glass bottler(6X4)   , schweppws tonic water 24X300ml glass bottler(6X4)   , schweppws tonic water 24X300ml glass bottler(6X4)      , schweppws tonic water 24X300ml glass bottler(6X4)      
schweppws_tonic_water_12X1.25L_pet_bottle              , schweppws tonic water 12X1.25L pet bottle           , schweppws tonic water 12X1.25L pet bottle           , schweppws tonic water 12X1.25L pet bottle              , schweppws tonic water 12X1.25L pet bottle              
schweppws_traditional_ginger_beer_24X600ml_pet_bottle  , schweppws traditional ginger beer 24X600ml pet      , schweppws traditional ginger beer 24X600ml pet      , schweppws traditional ginger beer 24X600ml pet         , schweppws traditional ginger beer 24X600ml pet         
schweppws_traditional_ginger_beer_12X1.25L_pet_bottle  , schweppws traditional ginger beer 12X1.25L pet      , schweppws traditional ginger beer 12X1.25L pet      , schweppws traditional ginger beer 12X1.25L pet         , schweppws traditional ginger beer 12X1.25L pet         
schweppws_traditional_lime_24X600ml_pet_bottle         , schweppws traditional lime 24X600ml pet bottle      , schweppws traditional lime 24X600ml pet bottle      , schweppws traditional lime 24X600ml pet bottle         , schweppws traditional lime 24X600ml pet bottle         
schweppws_traditional_raspberry_24X600ml_pet_bottle    , schweppws traditional raspberry 24X600ml pet bottle , schweppws traditional raspberry 24X600ml pet bottle , schweppws traditional raspberry 24X600ml pet bottle    , schweppws traditional raspberry 24X600ml pet bottle    
schweppws_traditional_raspberry_12X1.25L_pet_bottle    , schweppws traditional raspberry 12X1.25L pet bottle , schweppws traditional raspberry 12X1.25L pet bottle , schweppws traditional raspberry 12X1.25L pet bottle    , schweppws traditional raspberry 12X1.25L pet bottle    
schweppws_traditional_red_cream_soda_24X600_pet_bottle , schweppws traditional red cream soda 24X600         , schweppws traditional red cream soda 24X600         , schweppws traditional red cream soda 24X600            , schweppws traditional red cream soda 24X600            
schweppws_dry_apple_24X330ml_glass_bottle(6X4)         , schweppws dry apple 24X330ml glass bottle(6X4)      , schweppws dry apple 24X330ml glass bottle(6X4)      , schweppws dry apple 24X330ml glass bottle(6X4)         , schweppws dry apple 24X330ml glass bottle(6X4)         
schweppws_dry_lemon_24X330ml_glass_bottle(6X4)         , schweppws dry lemon 24X330ml glass bottle(6X4)      , schweppws dry lemon 24X330ml glass bottle(6X4)      , schweppws dry lemon 24X330ml glass bottle(6X4)         , schweppws dry lemon 24X330ml glass bottle(6X4)         
schweppws_dry_raspberry_24X330ml_glass_bottle(6X4)     , schweppws dry raspberry 24X330ml glass bottle(6X4)  , schweppws dry raspberry 24X330ml glass bottle(6X4)  , schweppws dry raspberry 24X330ml glass bottle(6X4)     , schweppws dry raspberry 24X330ml glass bottle(6X4)     
schweppws_mix_n_serve_mojito_6X750ml_glass_bottle      , schweppws mix n serve mojito 6X750ml                , schweppws mix n serve mojito 6X750ml                , schweppws mix n serve mojito 6X750ml                   , schweppws mix n serve mojito 6X750ml                   
schweppws_mix_n_serve_cosmo_6X750ml_glass_bottle       , schweppws mix n serve cosmo 6X750ml                 , schweppws mix n serve cosmo 6X750ml                 , schweppws mix n serve cosmo 6X750ml                    , schweppws mix n serve cosmo 6X750ml                    
schweppws_mix_n_serve_margarita_6X750ml_glass_bottle   , schweppws mix n serve margarita 6X750ml             , schweppws mix n serve margarita 6X750ml             , schweppws mix n serve margarita 6X750ml                , schweppws mix n serve margarita 6X750ml                
solo_24X250ml_can                                      , solo 24X250ml can                                   , solo 24X250ml can                                   , solo 24X250ml can                                      , solo 24X250ml can                                      
solo_24X300ml_glass_bottle                             , solo 24X300ml glass bottle                          , solo 24X300ml glass bottle                          , solo 24X300ml glass bottle                             , solo 24X300ml glass bottle                             
solo_24X375ml_can                                      , solo 24X375ml can                                   , solo 24X375ml can                                   , solo 24X375ml can                                      , solo 24X375ml can                                      
solo_24_450ml_pet_bottle                               , solo 24 450ml pet bottle                            , solo 24 450ml pet bottle                            , solo 24 450ml pet bottle                               , solo 24 450ml pet bottle                               
solo_24X600ml_pet_bottle                               , solo 24X600ml pet bottle                            , solo 24X600ml pet bottle                            , solo 24X600ml pet bottle                               , solo 24X600ml pet bottle                               
solo_lemon_lime_24X600ml_pet_bottle                    , solo lemon lime 24X600ml pet bottle                 , solo lemon lime 24X600ml pet bottle                 , solo lemon lime 24X600ml pet bottle                    , solo lemon lime 24X600ml pet bottle                    
solo_12X1.25L_pet_bottle                               , solo 12X1.25L pet bottle                            , solo 12X1.25L pet bottle                            , solo 12X1.25L pet bottle                               , solo 12X1.25L pet bottle                               
solo_8X2L_pet_bottle                                   , solo 8X2L pet bottle                                , solo 8X2L pet bottle                                , solo 8X2L pet bottle                                   , solo 8X2L pet bottle                                   
sunkist_24X375ml_can                                   , sunkist 24X375ml can                                , sunkist 24X375ml can                                , sunkist 24X375ml can                                   , sunkist 24X375ml can                                   
sunkist_24X450ml_pet_bottle                            , sunkist 24X450ml pet bottle                         , sunkist 24X450ml pet bottle                         , sunkist 24X450ml pet bottle                            , sunkist 24X450ml pet bottle                            
sunkist_24X600ml_pet_bottle                            , sunkist 24X600ml pet bottle                         , sunkist 24X600ml pet bottle                         , sunkist 24X600ml pet bottle                            , sunkist 24X600ml pet bottle                            
sunkist_12X1.25L_pet_bottle                            , sunkist 12X1.25L pet bottle                         , sunkist 12X1.25L pet bottle                         , sunkist 12X1.25L pet bottle                            , sunkist 12X1.25L pet bottle                            
7up_lemonade_24X375ml_can                              , 7up lemonade 24X375ml can                           , 7up lemonade 24X375ml can                           , 7up lemonade 24X375ml can                              , 7up lemonade 24X375ml can                              
phoenix_tonic_water_15X250ml_glass_water               , phoenix tonic water 15X250ml glass water            , phoenix tonic water 15X250ml glass water            , phoenix tonic water 15X250ml glass water               , phoenix tonic water 15X250ml glass water               
phoenix_soda_water_15X250ml_glass_bottle               , phoenix soda water 15X250ml glass bottle            , phoenix soda water 15X250ml glass bottle            , phoenix soda water 15X250ml glass bottle               , phoenix soda water 15X250ml glass bottle               
phoenix_ginger_ale_15X250ml_glass_bottle               , phoenix ginger ale 15X250ml glass bottle            , phoenix ginger ale 15X250ml glass bottle            , phoenix ginger ale 15X250ml glass bottle               , phoenix ginger ale 15X250ml glass bottle               
phoenix_dry_lemonade_15X250ml_glass_bottle             , phoenix dry lemonade 15X250ml glass bottle          , phoenix dry lemonade 15X250ml glass bottle          , phoenix dry lemonade 15X250ml glass bottle             , phoenix dry lemonade 15X250ml glass bottle             
phoenix_ginder_beer_15X330ml_glass_bottle              , phoenix ginder beer 15X330ml glass bottle           , phoenix ginder beer 15X330ml glass bottle           , phoenix ginder beer 15X330ml glass bottle              , phoenix ginder beer 15X330ml glass bottle              
voss_sparkling                                         , voss sparkling                                      , voss sparkling                                      , voss sparkling                                         , voss sparkling                                         
voss_still                                             , voss still                                          , voss still                                          , voss still                                             , voss still                                             
cool_ridge                                             , cool ridge                                          , cool ridge                                          , cool ridge                                             , cool ridge                                             
schweppes_sparkling                                    , schweppes sparkling                                 , schweppes sparkling                                 , schweppes sparkling                                    , schweppes sparkling                                    
schweppes_nat_min                                      , schweppes nat min                                   , schweppes nat min                                   , schweppes nat min                                      , schweppes nat min                                      
schweppes_soda                                         , schweppes soda                                      , schweppes soda                                      , schweppes soda                                         , schweppes soda                                         
schweppes_tonic_water                                  , schweppes tonic water                               , schweppes tonic water                               , schweppes tonic water                                  , schweppes tonic water                                  
pop_tops                                               , pop tops                                            , pop tops                                            , pop tops                                               , pop tops                                               
spring_vallery_smart_water                             , spring vallery smart water                          , spring vallery smart water                          , spring vallery smart water                             , spring vallery smart water                             
charlies_coconut_water                                 , charlies coconut water                              , charlies coconut water                              , charlies coconut water                                 , charlies coconut water                                 
frantelle                                              , frantelle                                           , frantelle                                           , frantelle                                              , frantelle                                              
voss_sparkling_375ml                                   , voss sparkling 375ml                                , voss sparkling 375ml                                , voss sparkling 375ml                                   , voss sparkling 375ml                                   
voss_sparkling_800ml                                   , voss sparkling 800ml                                , voss sparkling 800ml                                , voss sparkling 800ml                                   , voss sparkling 800ml                                   
voss_still_375ml                                       , voss still 375ml                                    , voss still 375ml                                    , voss still 375ml                                       , voss still 375ml                                       
voss_still_800ml                                       , voss still 800ml                                    , voss still 800ml                                    , voss still 800ml                                       , voss still 800ml                                       
cool_ridge_350ml                                       , cool ridge 350ml                                    , cool ridge 350ml                                    , cool ridge 350ml                                       , cool ridge 350ml                                       
cool_ridge_600ml                                       , cool ridge 600ml                                    , cool ridge 600ml                                    , cool ridge 600ml                                       , cool ridge 600ml                                       
cool_ridge_1L                                          , cool ridge 1L                                       , cool ridge 1L                                       , cool ridge 1L                                          , cool ridge 1L                                          
cool_ridge_1.5L                                        , cool ridge 1.5L                                     , cool ridge 1.5L                                     , cool ridge 1.5L                                        , cool ridge 1.5L                                        
schweppes_sparkling_mineral_water_300ml                , schweppes sparkling mineral water 300ml             , schweppes sparkling mineral water 300ml             , schweppes sparkling mineral water 300ml                , schweppes sparkling mineral water 300ml                
schweppes_sparkling_mineral_water_750ml                , schweppes sparkling mineral water 750ml             , schweppes sparkling mineral water 750ml             , schweppes sparkling mineral water 750ml                , schweppes sparkling mineral water 750ml                
schweppes_natural_mineral_water_300ml                  , schweppes natural mineral water 300ml               , schweppes natural mineral water 300ml               , schweppes natural mineral water 300ml                  , schweppes natural mineral water 300ml                  
schweppes_soda_water_1.25L                             , schweppes soda water 1.25L                          , schweppes soda water 1.25L                          , schweppes soda water 1.25L                             , schweppes soda water 1.25L                             
schweppes_soda_water_300ml                             , schweppes soda water 300ml                          , schweppes soda water 300ml                          , schweppes soda water 300ml                             , schweppes soda water 300ml                             
schweppes_tonic_water_1.25L                            , schweppes tonic water 1.25L                         , schweppes tonic water 1.25L                         , schweppes tonic water 1.25L                            , schweppes tonic water 1.25L                            
schweppes_tonic_water_300ml                            , schweppes tonic water 300ml                         , schweppes tonic water 300ml                         , schweppes tonic water 300ml                            , schweppes tonic water 300ml                            
frantelle_350ml                                        , frantelle 350ml                                     , frantelle 350ml                                     , frantelle 350ml                                        , frantelle 350ml                                        
frantelle_600ml                                        , frantelle 600ml                                     , frantelle 600ml                                     , frantelle 600ml                                        , frantelle 600ml                                        
frantelle_1.25L                                        , frantelle 1.25L                                     , frantelle 1.25L                                     , frantelle 1.25L                                        , frantelle 1.25L                                        
pop_tops_water_250ml                                   , pop tops water 250ml                                , pop tops water 250ml                                , pop tops water 250ml                                   , pop tops water 250ml                                   
1.25L_spring_valleys_range                             , 1.25L spring valleys range                          , 1.25L spring valleys range                          , 1.25L spring valleys range                             , 1.25L spring valleys range                             
375ml_spring_valleys_range                             , 375ml spring valleys range                          , 375ml spring valleys range                          , 375ml spring valleys range                             , 375ml spring valleys range                             
350ml_spring_valleys_range                             , 350ml spring valleys range                          , 350ml spring valleys range                          , 350ml spring valleys range                             , 350ml spring valleys range                             
250ml_spring_valleys_range                             , 250ml spring valleys range                          , 250ml spring valleys range                          , 250ml spring valleys range                             , 250ml spring valleys range                             
2.4L_extra_juicy_range                                 , 2.4L extra juicy range                              , 2.4L extra juicy range                              , 2.4L extra juicy range                                 , 2.4L extra juicy range                                 
2L_extra_juicy_range                                   , 2L extra juicy range                                , 2L extra juicy range                                , 2L extra juicy range                                   , 2L extra juicy range                                   
250ml_extra_juicy_range                                , 250ml extra juicy range                             , 250ml extra juicy range                             , 250ml extra juicy range                                , 250ml extra juicy range                                
250ml_pop_tops_range                                   , 250ml pop tops range                                , 250ml pop tops range                                , 250ml pop tops range                                   , 250ml pop tops range                                   
extra_juicy_apple_juice_24X250ml_tetra_pack(6X4)       , extra juicy apple juice 24X250ml tetra              , extra juicy apple juice 24X250ml tetra              , extra juicy apple juice 24X250ml tetra                 , extra juicy apple juice 24X250ml tetra                 
extra_juicy_apple_juice_6X2L_pet_bottle                , extra juicy apple juice 6X2L pet                    , extra juicy apple juice 6X2L pet                    , extra juicy apple juice 6X2L pet                       , extra juicy apple juice 6X2L pet                       
extra_juicy_orange_juice_6X2L_pet_bottle               , extra juicy orange juice 6X2L pet                   , extra juicy orange juice 6X2L pet                   , extra juicy orange juice 6X2L pet                      , extra juicy orange juice 6X2L pet                      
extra_juicy_apple_juice_6X2.4L_pet_bottle              , extra juicy apple juice 6X2.4L pet                  , extra juicy apple juice 6X2.4L pet                  , extra juicy apple juice 6X2.4L pet                     , extra juicy apple juice 6X2.4L pet                     
extra_juicy_brekky_juice_6X2.4L_pet_bottle             , extra juicy brekky juice 6X2.4L pet                 , extra juicy brekky juice 6X2.4L pet                 , extra juicy brekky juice 6X2.4L pet                    , extra juicy brekky juice 6X2.4L pet                    
extra_juicy_orange_juice_6X2.4L_pet_bottle             , extra juicy orange juice 6X2.4L pet                 , extra juicy orange juice 6X2.4L pet                 , extra juicy orange juice 6X2.4L pet                    , extra juicy orange juice 6X2.4L pet                    
schweppes_lime_cordial                                 , schweppes lime cordial                              , schweppes lime cordial                              , schweppes lime cordial                                 , schweppes lime cordial                                 
schweppes_raspberry_cordial                            , schweppes raspberry cordial                         , schweppes raspberry cordial                         , schweppes raspberry cordial                            , schweppes raspberry cordial                            
schweppes_lemon_cordial                                , schweppes lemon cordial                             , schweppes lemon cordial                             , schweppes lemon cordial                                , schweppes lemon cordial                                
schweppes_dry_orange_ginger_cordial                    , schweppes dry orange ginger cordial                 , schweppes dry orange ginger cordial                 , schweppes dry orange ginger cordial                    , schweppes dry orange ginger cordial                    
schweppes_lemongrass_cordial                           , schweppes lemongrass cordial                        , schweppes lemongrass cordial                        , schweppes lemongrass cordial                           , schweppes lemongrass cordial                           
schweppes_lime_cordial_750ml                           , schweppes lime cordial 750ml                        , schweppes lime cordial 750ml                        , schweppes lime cordial 750ml                           , schweppes lime cordial 750ml                           
schweppes_raspberry_cordial_750ml                      , schweppes raspberry cordial 750ml                   , schweppes raspberry cordial 750ml                   , schweppes raspberry cordial 750ml                      , schweppes raspberry cordial 750ml                      
schweppes_lemon_cordial_750ml                          , schweppes lemon cordial 750ml                       , schweppes lemon cordial 750ml                       , schweppes lemon cordial 750ml                          , schweppes lemon cordial 750ml                          
schweppes_dry_orange_ginger_cordial_750ml              , schweppes dry orange ginger cordial 750ml           , schweppes dry orange ginger cordial 750ml           , schweppes dry orange ginger cordial 750ml              , schweppes dry orange ginger cordial 750ml              
schweppes_lemongrass_cordial_750ml                     , schweppes lemongrass cordial 750ml                  , schweppes lemongrass cordial 750ml                  , schweppes lemongrass cordial 750ml                     , schweppes lemongrass cordial 750ml                     
,,,,
 ,,,,
